{"NVDA": {"Next Day Price": 415.01729766845705, "Last Day Price": 413.8699951171875, "Percentage Change": 0.27721327102842713}, "GOOGL": {"Next Day Price": 136.84150482177733, "Last Day Price": 135.60000610351562, "Percentage Change": 0.9155594855312637}, "TSLA": {"Next Day Price": 215.33420486450194, "Last Day Price": 211.99000549316406, "Percentage Change": 1.57752690442084}, "GCT": {"Next Day Price": 8.615100145339966, "Last Day Price": 8.550000190734863, "Percentage Change": 0.761402960851949}, "GM": {"Next Day Price": 29.814999828338625, "Last Day Price": 29.65999984741211, "Percentage Change": 0.5225892843018314}, "AI": {"Next Day Price": 24.5032998085022, "Last Day Price": 24.309999465942383, "Percentage Change": 0.7951474570397428}, "SMCI": {"Next Day Price": 256.49570098876956, "Last Day Price": 248.5800018310547, "Percentage Change": 3.184366843433651}, "NIO": {"Next Day Price": 7.630499906539917, "Last Day Price": 7.579999923706055, "Percentage Change": 0.6662266931682483}}